-- MySQL dump 10.13  Distrib 8.0.26, for Linux (x86_64)
--
-- Host: 127.0.0.1    Database: mysql
-- ------------------------------------------------------
-- Server version	8.0.26-google

/*!40101 SET @OLD_CHARACTER_SET_CLIENT=@@CHARACTER_SET_CLIENT */;
/*!40101 SET @OLD_CHARACTER_SET_RESULTS=@@CHARACTER_SET_RESULTS */;
/*!40101 SET @OLD_COLLATION_CONNECTION=@@COLLATION_CONNECTION */;
/*!50503 SET NAMES utf8mb4 */;
/*!40103 SET @OLD_TIME_ZONE=@@TIME_ZONE */;
/*!40103 SET TIME_ZONE='+00:00' */;
/*!40014 SET @OLD_UNIQUE_CHECKS=@@UNIQUE_CHECKS, UNIQUE_CHECKS=0 */;
/*!40014 SET @OLD_FOREIGN_KEY_CHECKS=@@FOREIGN_KEY_CHECKS, FOREIGN_KEY_CHECKS=0 */;
/*!40101 SET @OLD_SQL_MODE=@@SQL_MODE, SQL_MODE='NO_AUTO_VALUE_ON_ZERO' */;
/*!40111 SET @OLD_SQL_NOTES=@@SQL_NOTES, SQL_NOTES=0 */;

--
-- Current Database: `dubmap_backend`
--

CREATE DATABASE /*!32312 IF NOT EXISTS*/ `dubmap_backend` /*!40100 DEFAULT CHARACTER SET utf8 */ /*!80016 DEFAULT ENCRYPTION='N' */;

USE `dubmap_backend`;

--
-- Table structure for table `building`
--

DROP TABLE IF EXISTS `building`;
/*!40101 SET @saved_cs_client     = @@character_set_client */;
/*!50503 SET character_set_client = utf8mb4 */;
CREATE TABLE `building` (
  `building_abbr` varchar(10) NOT NULL,
  `building_full_name` varchar(100) DEFAULT NULL,
  `latitude` decimal(15,13) DEFAULT NULL,
  `longitude` decimal(17,13) DEFAULT NULL,
  PRIMARY KEY (`building_abbr`)
) ENGINE=InnoDB DEFAULT CHARSET=utf8mb3;
/*!40101 SET character_set_client = @saved_cs_client */;

--
-- Dumping data for table `building`
--

LOCK TABLES `building` WRITE;
/*!40000 ALTER TABLE `building` DISABLE KEYS */;
INSERT INTO `building` VALUES ('ACC','John M. Wallace Hall (formerly Academic Computing Center)',47.6530743779517,-122.3148603510121),('AER','Aerospace & Engineering Research Building',47.6539997079429,-122.3057312092830),('ALB','Allen Library',47.6557809835437,-122.3078417483252),('ALD','Alder Hall',47.6558442836748,-122.3139530546590),('AND','Anderson Hall',47.6517691515618,-122.3075407675744),('ARC','Architecture Hall',47.6547152961834,-122.3108126301527),('ART','Art Building',47.6585368798460,-122.3064251759253),('ATG','Atmos Sci/Geophysics',47.6538907469531,-122.3095686045040),('BAG','Bagley Hall',47.6530398298268,-122.3086491459376),('BGH','Botany Greenhouse',47.6523061285540,-122.3099916471971),('BIOE','W.H. Foege Bioengineering Building',47.6523354861869,-122.3128311517792),('BLD','Bloedel Hall',47.6513726963131,-122.3080547686257),('BMM','Burke Memorial Museum',47.6604391452536,-122.3115384889480),('BNS','Benson Hall',47.6530552535772,-122.3095351629446),('CDH','Condon Hall',47.6566300045649,-122.3160577491820),('CHB','Chemistry Building',47.6529649454362,-122.3083359039556),('CHCL','Center on Human Development and Disability',47.6486479167882,-122.3080630178450),('CHL','Chemistry Library Building',47.6537102787083,-122.3099601631209),('CLK','Clark Hall',47.6576542773163,-122.3048561819922),('CMA','Ceramic and Metal Arts Building',47.6598224292965,-122.2923761489583),('CMU','Communications Building',47.6570389202687,-122.3049570094057),('CNH','Canoe House',47.6477677394940,-122.3002168573330),('CSE','Paul G. Allen Center for Computer Science & Engineering',47.6533323164842,-122.3058986980707),('CSE2','Bill & Melinda Gates Center for Computer Science & Engineering',47.6530607087530,-122.3051071713010),('CSH','Conibear Shellhouse',47.6529329973565,-122.2997647222827),('DEM','Dempsey Hall',47.6591693920533,-122.3077095995884),('DEN','Denny Hall',47.6583926914324,-122.3088380425407),('DRC','Douglas Research Conservatory',47.6577735794508,-122.2888651320735),('DSC','Drama Scene Shop',47.6550349621090,-122.3135900241724),('ECC','Ethnic Cultural Center',47.6550977752177,-122.3147824854790),('EDP','Alaska Airlines Arena at Hec Edmundson Pavilion',47.6520788034635,-122.3021541359880),('EEB','Electrical Engineering Building',47.6536158531550,-122.3063679224905),('EGA','Engineering Annex',47.6537478571166,-122.3042834993258),('EGL','Eagleson Hall',47.6581157802913,-122.3124024833051),('ELB','Engineering Library',47.6546051973717,-122.3046425273581),('EXED','Bank of America Executive Education Center and Foster Library',47.6591214474340,-122.3086324756252),('FAC','University of Washington Club',47.6551796121831,-122.3041879528134),('FIS','Fisheries Center',47.6488228534441,-122.3094026913690),('FLK','Fluke Hall',47.6558023919753,-122.3031159331435),('FSH','Fisheries Building',47.6531219488832,-122.3163508926207),('FTR','Fisheries Teaching Research Building',47.6524870287583,-122.3156864020069),('GDR','Golf Driving Range',47.6587063681967,-122.2972515289896),('GLD','Gould Hall',47.6549291011233,-122.3126966449317),('GNOM','W.H. Foege Genome Sciences Building',47.6517828047420,-122.3135574712185),('GRB','Gerberding Hall (Administration)',47.6552768245755,-122.3095137923296),('GTH','Guthrie Hall',47.6539336919838,-122.3106576848636),('GUG','Guggenheim Hall',47.6542902485765,-122.3063435829467),('GWN','Gowen Hall',47.6564192383322,-122.3078354556350),('HAG','Henry Art Gallery',47.6562821633936,-122.3117192085491),('HCK','Hitchcock Hall',47.6519693875698,-122.3114618767204),('HGT','Haggett Hall',47.6592905502585,-122.3035692553207),('HHL','Harris Hydraulics Lab',47.6501343300616,-122.3112477364961),('HIS','Magnuson Health Sciences Center',47.6508239721229,-122.3100633250086),('HLL','Hall Health Center',47.6561697171520,-122.3042946631704),('HND','Henderson Hall',47.6552224179980,-122.3169261765527),('HPT','Hughes Penthouse Theater',47.6607415329149,-122.3081827938116),('HRC','The Hans Rosling Center for Population Health',47.6540557772340,-122.3119020388436),('HSC','Health Sciences Center',47.6503006803309,-122.3079234095900),('HUB','Student Union Building',47.6553850474688,-122.3050863164981),('HUT','Hutchinson Hall',47.6596066795344,-122.3065510639301),('ICH','Cunningham Hall',47.6572247446311,-122.3110568224169),('IMA','Intramural Activities Building',47.6536204969356,-122.3015857606768),('INT','Intellectual House',47.6582693329367,-122.3047864920170),('IPF','Dempsey Indoor Center',47.6513969058379,-122.2991037107138),('JHN','Johnson Hall',47.6546424146509,-122.3089056983917),('KIN','Kincaid Hall',47.6526618627012,-122.3106111787641),('KNE','Kane Hall',47.6566229953478,-122.3091610442286),('LAH','Lander Hall',47.6558683837242,-122.3149215050624),('LAW','William H. Gates Hall',47.6592680717309,-122.3107859864808),('LEW','Lewis Hall',47.6588473807213,-122.3053535594369),('LOW','Loew Hall',47.6542892812493,-122.3044549350411),('LSB','Life Sciences Building',47.6523303433204,-122.3096818573553),('MAR','Marine Studies Building',47.6524674246601,-122.3149404475904),('MCC','McCarty Hall',47.6607575197943,-122.3050058937001),('MCM','McMahon Hall',47.6581853133023,-122.3036887694231),('MEB','Mechanical Engineering Building',47.6537381279958,-122.3048980198069),('MGH','Mary Gates Hall',47.6550864178695,-122.3080116043602),('MKZ','Mackenzie Hall',47.6587629516270,-122.3072558652957),('MLR','Miller Hall',47.6571952058159,-122.3063136354057),('MNY','Meany Hall',47.6553150106863,-122.3104795439905),('MOL','Molecular Engineering & Sciences Building (MolES)',47.6544430459864,-122.3100799113852),('MOR','More Hall',47.6527693835728,-122.3052928640036),('MRC','Mercer Court',47.6548045518952,-122.3175740141526),('MSB','Marine Sciences Building',47.6497574436810,-122.3123679216235),('MUE','Mueller Hall',47.6522509197624,-122.3053056887729),('MUS','Music Building',47.6577647073914,-122.3059440687692),('NAN','Nanoengineering and Sciences Building',47.6547415900884,-122.3096755814527),('NTC','Nordstrom Tennis Center',47.6518173335182,-122.3001230098637),('OAK','Oak Hall',47.6593265189711,-122.3053398753557),('OBS','Theodor Jacobsen Observatory',47.6604149180627,-122.3092350574260),('OCE','Oceanography Building',47.6491505444110,-122.3105505217125),('OCN','Ocean Sciences Building',47.6509644282747,-122.3125836729451),('OTB','Oceanography Teaching Building',47.6499792716709,-122.3123790924125),('OUG','Odegaard Undergrad Library',47.6564879816675,-122.3103486693360),('PAA','Physics Astronomy Auditorium(13-K)',47.6530922265606,-122.3110282030483),('PAB','Physics Astronomy Building',47.6536114510543,-122.3112799907679),('PAC','Physics Astronomy Tower',47.6533860645076,-122.3118661561613),('PAR','Parrington Hall',47.6574311030916,-122.3102488104307),('PCAR','Paccar Hall',47.6593399686062,-122.3089535558235),('PDL','Padelford Hall',47.6569924037449,-122.3042532253054),('PHT','Playhouse Theater',47.6566462546197,-122.3133627313871),('PWR','Power Plant',47.6537884537936,-122.3036158724859),('RAI','Raitt Hall',47.6579069720271,-122.3072271299083),('ROB','Roberts Hall',47.6520706376863,-122.3050540617141),('RTB','Benjamin Hall Interdiciplinary Research & Technology Building',47.6552823630871,-122.3213526434282),('RVC','Roosevelt Commons',47.6604626560768,-122.3167828696082),('SAV','Savery Hall',47.6571525612429,-122.3083860082371),('SGS','Community Design Building',47.6552004678294,-122.3135461824366),('SIG','Sieg Hall',47.6548969133001,-122.3064735372350),('SMI','Smith Hall',47.6564164171581,-122.3074919978257),('SMZ','Schmitz Hall',47.6565780338474,-122.3126954962759),('SOCC','South Campus Center',47.6495056328111,-122.3109355684732),('STD','Husky Stadium',47.6505489285486,-122.3029707292418),('SUZ','Suzzallo Library',47.6558287471470,-122.3081440662659),('SWS','Social Work/Speech and Hearing Sciences Building',47.6571613053941,-122.3124332998594),('TER','Terry Hall',47.6558281623620,-122.3169398211488),('TGB','Graves Building',47.6530719020272,-122.3022824916032),('THO','Thomson Hall',47.6564666951891,-122.3056889327722),('UMCC','University Medical Center',47.6499167488524,-122.3080131036606),('UWT','UW Tower',47.6608407180866,-122.3146660299137),('WCL','Wilson Ceramic Laboratory',47.6516943544401,-122.3048484120356),('WFS','Winkenwerder Forest Science Lab',47.6514735760211,-122.3068859779169),('WIL','Wilcox Hall',47.6518838578287,-122.3045571608851),('WLW','Willow Hall',47.6596599939315,-122.3046824401944);
/*!40000 ALTER TABLE `building` ENABLE KEYS */;
UNLOCK TABLES;

--
-- Table structure for table `class`
--

DROP TABLE IF EXISTS `class`;
/*!40101 SET @saved_cs_client     = @@character_set_client */;
/*!50503 SET character_set_client = utf8mb4 */;
CREATE TABLE `class` (
  `sln` int NOT NULL,
  `major_abbr` varchar(10) DEFAULT NULL,
  `course_num` int DEFAULT NULL,
  `section` varchar(10) DEFAULT NULL,
  `building_abbr` varchar(10) DEFAULT NULL,
  `room` varchar(10) DEFAULT NULL,
  PRIMARY KEY (`sln`)
) ENGINE=InnoDB DEFAULT CHARSET=utf8mb3;
/*!40101 SET character_set_client = @saved_cs_client */;

--
-- Dumping data for table `class`
--

LOCK TABLES `class` WRITE;
/*!40000 ALTER TABLE `class` DISABLE KEYS */;
INSERT INTO `class` VALUES (12880,'CSE',121,'A','KNE','210\r'),(12881,'CSE',121,'AA','MGH','74\r'),(12882,'CSE',121,'AB','MGH','74\r'),(12883,'CSE',121,'AC','MGH','74\r'),(12884,'CSE',121,'AD','MGH','248\r'),(12885,'CSE',121,'AE','MGH','284\r'),(12886,'CSE',121,'AF','MGH','74\r'),(12887,'CSE',121,'AG','MGH','284\r'),(12888,'CSE',121,'AH','MGH','248\r'),(12891,'CSE',121,'AK','MGH','248\r'),(12892,'CSE',121,'AL','MGH','74\r'),(12893,'CSE',121,'AM','MGH','74\r'),(12894,'CSE',121,'AN','MGH','284\r'),(12907,'CSE',121,'B','GUG','220\r'),(12908,'CSE',121,'BA','SAV','162\r'),(12909,'CSE',121,'BB','SAV','136\r'),(12910,'CSE',121,'BC','SAV','137\r'),(12911,'CSE',121,'BD','SAV','162\r'),(12912,'CSE',121,'BE','SAV','162\r'),(12913,'CSE',121,'BF','SAV','157\r'),(12914,'CSE',121,'BG','SAV','164\r'),(12915,'CSE',121,'BH','SAV','164\r'),(12917,'CSE',121,'BJ','SAV','168\r'),(12918,'CSE',121,'BK','SAV','139\r'),(12919,'CSE',121,'BL','SAV','164\r'),(12920,'CSE',121,'BM','SAV','158\r'),(12921,'CSE',121,'BN','MGH','284\r'),(12922,'CSE',121,'BO','SAV','168\r'),(12923,'CSE',121,'BP','SAV','130\r'),(12924,'CSE',122,'A','KNE','130\r'),(12925,'CSE',122,'AA','MGH','288\r'),(12926,'CSE',122,'AB','MGH','288\r'),(12927,'CSE',122,'AC','LOW','101\r'),(12928,'CSE',122,'AD','MLR','316\r'),(12929,'CSE',122,'AE','LOW','112\r'),(12930,'CSE',122,'AF','LOW','114\r'),(12931,'CSE',122,'AG','CMU','228\r'),(12932,'CSE',122,'AH','MGH','288\r'),(12934,'CSE',122,'AJ','MGH','287\r'),(12935,'CSE',122,'AK','LOW','116\r'),(12936,'CSE',122,'AL','JHN','111\r'),(12937,'CSE',122,'AM','LOW','115\r'),(12938,'CSE',122,'AN','LOW','115\r'),(12939,'CSE',122,'AO','DEN','212\r'),(12940,'CSE',122,'AP','ART','6\r'),(12941,'CSE',122,'B','KNE','120\r'),(12942,'CSE',122,'BA','MGH','251\r'),(12943,'CSE',122,'BB','LOW','116\r'),(12944,'CSE',122,'BC','LOW','118\r'),(12945,'CSE',122,'BD','SAV','139\r'),(12946,'CSE',122,'BE','LOW','117\r'),(12947,'CSE',122,'BF','LOW','116\r'),(12948,'CSE',122,'BG','DEN','213\r'),(12949,'CSE',122,'BH','GUG','204\r'),(12950,'CSE',122,'BI','ART','4\r'),(12951,'CSE',122,'BJ','LOW','118\r'),(12952,'CSE',122,'BK','CHL','101\r'),(12953,'CSE',122,'BL','DEN','111\r'),(12954,'CSE',122,'BM','CHL','105\r'),(12955,'CSE',122,'BN','LOW','112\r'),(12956,'CSE',122,'BO','SAV','138\r'),(12957,'CSE',122,'BP','MGH','284\r'),(12958,'CSE',123,'A','KNE','120\r'),(12959,'CSE',123,'AA','SAV','158\r'),(12960,'CSE',123,'AB','JHN','22\r'),(12961,'CSE',123,'AC','LOW','117\r'),(12962,'CSE',123,'AD','CHL','105\r'),(12963,'CSE',123,'AE','LOW','118\r'),(12964,'CSE',123,'AF','SAV','139\r'),(12965,'CSE',123,'AG','LOW','106\r'),(12966,'CSE',123,'AH','LOW','106\r'),(12968,'CSE',123,'AJ','MGH','082A\r'),(12969,'CSE',123,'AK','LOW','113\r'),(12970,'CSE',123,'AL','MGH','082A\r'),(12971,'CSE',123,'AM','LOW','116\r'),(12972,'CSE',123,'AN','LOW','118\r'),(12973,'CSE',123,'AO','MGH','248\r'),(12974,'CSE',123,'AP','ART','4\r'),(12975,'CSE',123,'B','KNE','210\r'),(12976,'CSE',123,'BA','SAV','158\r'),(12977,'CSE',123,'BB','LOW','117\r'),(12978,'CSE',123,'BC','MGH','284\r'),(12979,'CSE',123,'BD','MGH','288\r'),(12980,'CSE',123,'BE','MGH','288\r'),(12981,'CSE',123,'BF','LOW','117\r'),(12982,'CSE',123,'BG','MGH','74\r'),(12983,'CSE',123,'BH','MGH','082A\r'),(12985,'CSE',123,'BJ','MGH','082A\r'),(12986,'CSE',123,'BK','MGH','288\r'),(12988,'CSE',123,'BM','LOW','114\r'),(12989,'CSE',123,'BN','LOW','113\r'),(12990,'CSE',123,'BO','MGH','248\r'),(12994,'CSE',143,'A','SMI','120\r'),(12997,'CSE',143,'AC','SAV','158\r'),(13000,'CSE',143,'AF','SAV','157\r'),(13002,'CSE',143,'AH','SAV','137\r'),(13004,'CSE',143,'AJ','ECE','25\r'),(13005,'CSE',143,'AK','ECE','25\r'),(13009,'CSE',143,'AO','ECE','25\r'),(13013,'CSE',160,'A','CSE2','G20\r'),(13014,'CSE',160,'AA','SAV','131\r'),(13015,'CSE',160,'AB','SAV','168\r'),(13016,'CSE',160,'AC','SAV','156\r'),(13017,'CSE',160,'AD','SAV','136\r'),(13018,'CSE',160,'AE','AND','10\r'),(13019,'CSE',160,'AF','ECE','54\r'),(13020,'CSE',160,'AG','DEN','113\r'),(13021,'CSE',160,'AH','DEN','113\r'),(13022,'CSE',160,'AI','SAV','136\r'),(13023,'CSE',163,'A','CSE2','G20\r'),(13024,'CSE',163,'AA','DEN','113\r'),(13025,'CSE',163,'AB','DEN','113\r'),(13026,'CSE',163,'AC','DEN','258\r'),(13027,'CSE',163,'AD','DEN','258\r'),(13028,'CSE',163,'AE','MEB','235\r'),(13029,'CSE',163,'AF','SAV','168\r'),(13030,'CSE',163,'AG','ECE','26\r'),(13031,'CSE',163,'AH','JHN','26\r'),(13032,'CSE',163,'AI','CDH','101\r'),(13034,'CSE',190,'F','MGH','44\r'),(13035,'CSE',190,'G','MGH','44\r'),(13036,'CSE',190,'H','MGH','44\r'),(13037,'CSE',190,'I','MGH','30\r'),(13038,'CSE',190,'J','MGH','30\r'),(13039,'CSE',190,'K','MGH','30\r'),(13040,'CSE',190,'L','MGH','44\r'),(13041,'CSE',190,'M','MGH','44\r'),(13042,'CSE',190,'N','MGH','30\r'),(13043,'CSE',190,'O','MGH','44\r'),(13044,'CSE',190,'P','MGH','44\r'),(13045,'CSE',190,'Q','MGH','44\r'),(13046,'CSE',190,'Y','LOW','216\r'),(13047,'CSE',190,'Z','PAR','120\r'),(13048,'CSE',301,'A','','\r'),(13049,'CSE',311,'A','THO','101\r'),(13050,'CSE',311,'AA','LOW','101\r'),(13051,'CSE',311,'AB','LOW','101\r'),(13052,'CSE',311,'AC','LOW','205\r'),(13053,'CSE',311,'AD','LOW','105\r'),(13054,'CSE',311,'AE','LOW','105\r'),(13055,'CSE',312,'A','KNE','110\r'),(13056,'CSE',312,'AA','ECE','3\r'),(13057,'CSE',312,'AB','MGH','234\r'),(13058,'CSE',312,'AC','MGH','242\r'),(13059,'CSE',312,'AD','MGH','271\r'),(13060,'CSE',312,'AE','JHN','111\r'),(13061,'CSE',312,'AF','GLD','436\r'),(13062,'CSE',312,'AG','MGH','228\r'),(13063,'CSE',312,'AH','MGH','254\r'),(13070,'CSE',331,'A','CSE2','G20\r'),(13071,'CSE',331,'AA','LOW','102\r'),(13072,'CSE',331,'AB','MGH','234\r'),(13073,'CSE',331,'AC','LOW','220\r'),(13074,'CSE',331,'AD','LOW','220\r'),(13075,'CSE',331,'AE','LOW','220\r'),(13076,'CSE',331,'AF','ECE','54\r'),(13077,'CSE',331,'B','CSE2','G01\r'),(13078,'CSE',331,'BA','LOW','205\r'),(13079,'CSE',331,'BB','DEN','258\r'),(13080,'CSE',331,'BC','MUE','153\r'),(13081,'CSE',331,'BD','MUE','155\r'),(13082,'CSE',332,'A','CSE2','G20\r'),(13083,'CSE',332,'AA','ECE','3\r'),(13084,'CSE',332,'AB','ECE','26\r'),(13085,'CSE',332,'AC','MGH','242\r'),(13086,'CSE',332,'AD','MGH','238\r'),(13087,'CSE',332,'AE','MGH','251\r'),(13088,'CSE',332,'AF','ECE','26\r'),(13089,'CSE',332,'AG','ECE','31\r'),(13090,'CSE',332,'B','CSE2','G01\r'),(13091,'CSE',332,'BA','SAV','138\r'),(13092,'CSE',332,'BB','CMU','228\r'),(13093,'CSE',332,'BC','MLR','316\r'),(13096,'CSE',332,'BF','SAV','156\r'),(13097,'CSE',333,'A','CSE2','G01\r'),(13099,'CSE',333,'AB','MGH','242\r'),(13100,'CSE',333,'AC','MGH','287\r'),(13101,'CSE',333,'AD','ECE','54\r'),(13102,'CSE',333,'AE','ECE','54\r'),(13103,'CSE',333,'B','CSE2','G10\r'),(13104,'CSE',333,'BA','ECE','3\r'),(13105,'CSE',333,'BB','ECE','26\r'),(13106,'CSE',333,'BC','ECE','54\r'),(13107,'CSE',333,'BD','ECE','54\r'),(13108,'CSE',340,'A','ECE','37\r'),(13109,'CSE',340,'AA','MOR','225\r'),(13110,'CSE',340,'AB','MOR','221\r'),(13111,'CSE',341,'A','CSE2','G01\r'),(13114,'CSE',341,'AC','JHN','22\r'),(13115,'CSE',341,'AD','JHN','22\r'),(13116,'CSE',344,'A','MGH','389\r'),(13117,'CSE',344,'AA','MGH','228\r'),(13118,'CSE',344,'AB','ECE','37\r'),(13119,'CSE',344,'AC','JHN','26\r'),(13120,'CSE',344,'AD','MEB','242\r'),(13121,'CSE',344,'AE','DEM','4\r'),(13122,'CSE',351,'A','PAA','A118\r'),(13123,'CSE',351,'AA','MEB','242\r'),(13124,'CSE',351,'AB','SAV','156\r'),(13125,'CSE',351,'AC','BLD','392\r'),(13126,'CSE',351,'AD','LOW','202\r'),(13127,'CSE',351,'AE','LOW','205\r'),(13128,'CSE',351,'B','PAA','A118\r'),(13129,'CSE',351,'BA','MEB','242\r'),(13130,'CSE',351,'BB','SAV','156\r'),(13131,'CSE',351,'BC','BLD','392\r'),(13132,'CSE',351,'BD','LOW','202\r'),(13133,'CSE',369,'A','SMI','102\r'),(13134,'CSE',371,'A','MUE','153\r'),(13135,'CSE',373,'A','GUG','220\r'),(13136,'CSE',373,'AA','SAV','131\r'),(13137,'CSE',373,'AB','SAV','131\r'),(13138,'CSE',373,'AC','SAV','130\r'),(13139,'CSE',373,'AD','SAV','136\r'),(13140,'CSE',373,'AE','SAV','156\r'),(13141,'CSE',373,'AF','SAV','131\r'),(13143,'CSE',373,'AH','DEN','258\r'),(13145,'CSE',373,'AJ','SAV','138\r'),(13147,'CSE',373,'AL','PAR','220\r'),(13149,'CSE',373,'AN','LOW','202\r'),(13150,'CSE',374,'A','SIG','134\r'),(13151,'CSE',390,'A','','\r'),(13152,'CSE',390,'B','','\r'),(13153,'CSE',390,'C','ECE','45\r'),(13154,'CSE',390,'CA','MGH','248\r'),(13156,'CSE',390,'CC','ECE','42\r'),(13157,'CSE',390,'H','','\r'),(13158,'CSE',390,'HA','LOW','101\r'),(13159,'CSE',390,'HB','CSE','403\r'),(13160,'CSE',390,'Z','','\r'),(13161,'CSE',390,'ZA','DEN','258\r'),(13162,'CSE',390,'ZB','DEN','258\r'),(13163,'CSE',391,'A','CSE2','G20\r'),(13164,'CSE',391,'B','CSE2','G20\r'),(13165,'CSE',403,'A','CSE2','G10\r'),(13166,'CSE',403,'AA','ECE','125\r'),(13167,'CSE',414,'A','SIG','134\r'),(13168,'CSE',414,'AA','ARC','G070\r'),(13169,'CSE',414,'AB','CDH','110A\r'),(13170,'CSE',414,'AC','PAR','160\r'),(13171,'CSE',414,'AD','PAR','160\r'),(13172,'CSE',414,'AE','MEB','235\r'),(13173,'CSE',414,'B','SIG','134\r'),(13174,'CSE',414,'BA','ARC','G070\r'),(13175,'CSE',414,'BB','CDH','110A\r'),(13176,'CSE',414,'BC','PAR','160\r'),(13177,'CSE',414,'BD','PAR','160\r'),(13178,'CSE',414,'BE','MEB','235\r'),(13179,'CSE',415,'A','CSE2','G10\r'),(13180,'CSE',416,'A','PCAR','192\r'),(13181,'CSE',416,'AA','MGH','278\r'),(13182,'CSE',416,'AB','MGH','278\r'),(13183,'CSE',416,'AC','MGH','278\r'),(13184,'CSE',416,'AD','SAV','158\r'),(13185,'CSE',416,'AE','DEN','110\r'),(13186,'CSE',416,'AF','DEN','110\r'),(13187,'CSE',416,'AG','SAV','156\r'),(13188,'CSE',416,'AH','DEN','110\r'),(13189,'CSE',416,'B','PCAR','192\r'),(13190,'CSE',416,'BA','MGH','278\r'),(13191,'CSE',416,'BB','MGH','278\r'),(13192,'CSE',416,'BC','MGH','278\r'),(13193,'CSE',416,'BD','SAV','158\r'),(13194,'CSE',416,'BE','DEN','110\r'),(13195,'CSE',417,'A','CSE2','G10\r'),(13196,'CSE',421,'A','CSE2','G20\r'),(13197,'CSE',421,'AA','MGH','254\r'),(13198,'CSE',421,'AB','MGH','287\r'),(13199,'CSE',421,'AC','MGH','242\r'),(13200,'CSE',421,'AD','MEB','242\r'),(13201,'CSE',421,'AE','MGH','287\r'),(13202,'CSE',421,'AF','GLD','436\r'),(13203,'CSE',427,'A','CSE2','G01\r'),(13204,'CSE',431,'A','CSE2','G10\r'),(13205,'CSE',440,'A','NAN','181\r'),(13206,'CSE',440,'AA','MGH','58\r'),(13207,'CSE',440,'AB','MGH','58\r'),(13208,'CSE',440,'AC','MGH','58\r'),(13209,'CSE',440,'AD','MGH','58\r'),(13210,'CSE',440,'B','NAN','181\r'),(13211,'CSE',440,'BA','MGH','58\r'),(13212,'CSE',440,'BB','MGH','58\r'),(13213,'CSE',440,'BC','MGH','58\r'),(13214,'CSE',440,'BD','MGH','58\r'),(13215,'CSE',442,'A','CSE2','G20\r'),(13216,'CSE',444,'A','CSE2','G10\r'),(13217,'CSE',444,'AA','PAR','160\r'),(13218,'CSE',444,'AB','SAV','131\r'),(13219,'CSE',444,'AC','LOW','106\r'),(13220,'CSE',444,'AD','THO','119\r'),(13221,'CSE',446,'A','CSE2','G20\r'),(13222,'CSE',446,'AA','LOW','105\r'),(13223,'CSE',446,'AB','LOW','105\r'),(13224,'CSE',446,'AC','LOW','205\r'),(13225,'CSE',446,'AD','THO','119\r'),(13226,'CSE',446,'AE','ECE','42\r'),(13227,'CSE',446,'AF','NAN','181\r'),(13228,'CSE',447,'A','CSE2','G01\r'),(13230,'CSE',447,'AB','ECE','26\r'),(13231,'CSE',447,'AC','SAV','139\r'),(13232,'CSE',447,'AD','CHL','101\r'),(13233,'CSE',447,'AE','HRC','155\r'),(13234,'CSE',451,'A','CSE2','G10\r'),(13235,'CSE',451,'AA','MGH','228\r'),(13236,'CSE',451,'AB','MGH','251\r'),(13237,'CSE',451,'AC','MGH','234\r'),(13238,'CSE',452,'A','GWN','301\r'),(13239,'CSE',452,'AA','MGH','238\r'),(13240,'CSE',452,'AB','JHN','75\r'),(13241,'CSE',452,'AC','MOR','221\r'),(13242,'CSE',452,'AD','MGH','234\r'),(13243,'CSE',452,'AE','MGH','228\r'),(13244,'CSE',455,'A','CSE2','G20\r'),(13245,'CSE',460,'A','','\r'),(13246,'CSE',461,'A','CSE2','G01\r'),(13247,'CSE',461,'AA','ECE','3\r'),(13248,'CSE',461,'AB','ECE','3\r'),(13249,'CSE',461,'AC','ECE','3\r'),(13250,'CSE',469,'A','MGH','241\r'),(13251,'CSE',473,'A','CSE2','G20\r'),(13252,'CSE',474,'A','MOR','230\r'),(13253,'CSE',475,'A','MOR','230\r'),(13254,'CSE',478,'A','LOW','206\r'),(13255,'CSE',478,'AA','MGH','248\r'),(13256,'CSE',478,'AB','MEB','246\r'),(13257,'CSE',480,'A','NAN','181\r'),(13258,'CSE',481,'D','OUG','141\r'),(13259,'CSE',481,'S','OUG','141\r'),(13260,'CSE',481,'V','','\r'),(13261,'CSE',484,'A','KNE','210\r'),(13262,'CSE',484,'AA','ECE','125\r'),(13263,'CSE',484,'AB','ECE','125\r'),(13264,'CSE',484,'AC','HRC','145\r'),(13265,'CSE',484,'AD','LOW','101\r'),(13266,'CSE',490,'A','PCAR','291\r'),(13268,'CSE',490,'C','HRC','155\r'),(13269,'CSE',490,'CA','MGH','238\r'),(13270,'CSE',490,'CB','MGH','251\r'),(13271,'CSE',490,'D','','\r'),(13274,'CSE',492,'J','MGH','241\r'),(13275,'CSE',492,'L','CSE2','G10\r'),(13276,'CSE',492,'R','','\r'),(13277,'CSE',495,'A','','\r'),(13278,'CSE',496,'A','','\r'),(13279,'CSE',498,'A','','\r'),(13280,'CSE',499,'A','','\r'),(13281,'CSE',505,'A','MGH','251\r'),(13282,'CSE',517,'A','CSE2','G01\r'),(13283,'CSE',519,'A','CSE2','G20\r'),(13284,'CSE',519,'B','CSE2','G20\r'),(13286,'CSE',520,'A','CSE2','G20\r'),(13287,'CSE',520,'B','CSE2','G20\r'),(13289,'CSE',547,'A','CSE2','G10\r'),(13291,'CSE',556,'A','MEB','251\r'),(13292,'CSE',567,'A','MGH','231\r'),(13293,'CSE',573,'A','GUG','218\r'),(13294,'CSE',578,'A','GUG','218\r'),(13296,'CSE',590,'A','','\r'),(13297,'CSE',590,'C','','\r'),(13298,'CSE',590,'C','ECE','3\r'),(13299,'CSE',590,'D','','\r'),(13300,'CSE',590,'E','MGH','58\r'),(13301,'CSE',590,'F','ECE','31\r'),(13302,'CSE',590,'H','LOW','216\r'),(13303,'CSE',590,'I','','\r'),(13304,'CSE',590,'J','','\r'),(13305,'CSE',590,'K','','\r'),(13306,'CSE',590,'L','DEM','112\r'),(13307,'CSE',590,'M','','\r'),(13308,'CSE',590,'N','JHN','111\r'),(13309,'CSE',590,'O','','\r'),(13310,'CSE',590,'P','330-420','ECE\r'),(13311,'CSE',590,'Q','','\r'),(13312,'CSE',590,'R','','\r'),(13313,'CSE',590,'S','','\r'),(13314,'CSE',590,'T','','\r'),(13315,'CSE',590,'U','CSE','203\r'),(13316,'CSE',590,'V','','\r'),(13317,'CSE',590,'W','','\r'),(13318,'CSE',590,'X','','\r'),(13319,'CSE',590,'Y','','\r'),(13320,'CSE',590,'Z','SAV','168\r'),(13321,'CSE',591,'A','','\r'),(13322,'CSE',591,'B','','\r'),(13323,'CSE',591,'C','','\r'),(13324,'CSE',591,'D','CSE','291\r'),(13325,'CSE',591,'E','','\r'),(13326,'CSE',591,'F','','\r'),(13327,'CSE',591,'G','','\r'),(13328,'CSE',591,'H','','\r'),(13329,'CSE',591,'I','','\r'),(13330,'CSE',591,'J','','\r'),(13331,'CSE',591,'K','','\r'),(13332,'CSE',591,'L','','\r'),(13333,'CSE',591,'M','','\r'),(13334,'CSE',591,'N','','\r'),(13335,'CSE',591,'O','','\r'),(13336,'CSE',591,'P','','\r'),(13337,'CSE',591,'Q','','\r'),(13338,'CSE',591,'R','','\r'),(13339,'CSE',591,'S','','\r'),(13340,'CSE',591,'T','','\r'),(13341,'CSE',591,'U','','\r'),(13342,'CSE',591,'V','','\r'),(13343,'CSE',591,'W','','\r'),(13344,'CSE',591,'X','','\r'),(13345,'CSE',591,'Y','','\r'),(13346,'CSE',599,'A','','\r'),(13347,'CSE',599,'A1','PCAR','291\r'),(13351,'CSE',599,'D1','','\r'),(13353,'CSE',599,'F','','\r'),(13354,'CSE',599,'G','','\r'),(13355,'CSE',599,'H','','\r'),(13357,'CSE',599,'J','CMU','230\r'),(13361,'CSE',599,'N','','\r'),(13364,'CSE',599,'Q','CMU','228\r'),(13366,'CSE',599,'S','MLR','316\r'),(13367,'CSE',599,'U','CSE2','G01\r'),(13368,'CSE',599,'X','','\r'),(13369,'CSE',600,'A','','\r'),(13370,'CSE',601,'A','','\r'),(13371,'CSE',700,'A','','\r'),(13372,'CSE',800,'A','',NULL),(22347,'CSE',190,'W','CSE','305\r'),(22348,'CSE',190,'X','NAN','181\r'),(22446,'CSE',122,'BQ','SAV','137\r'),(22447,'CSE',122,'BR','THO','234\r'),(22448,'CSE',122,'BS','DEN','112\r'),(22449,'CSE',123,'AQ','BNS','117\r'),(22462,'CSE',122,'AQ','DEM','124\r'),(22463,'CSE',122,'AR','ARC','G070\r'),(22537,'CSE',543,'A','MUE','153\r'),(22550,'CSE',121,'BQ','MGH','58\r'),(22551,'CSE',122,'AS','DEN','112\r');
/*!40000 ALTER TABLE `class` ENABLE KEYS */;
UNLOCK TABLES;

--
-- Table structure for table `dining`
--

DROP TABLE IF EXISTS `dining`;
/*!40101 SET @saved_cs_client     = @@character_set_client */;
/*!50503 SET character_set_client = utf8mb4 */;
CREATE TABLE `dining` (
  `dining_id` int NOT NULL,
  `dining_type` varchar(30) DEFAULT NULL,
  `dining_name` varchar(100) DEFAULT NULL,
  `building_abbr` varchar(10) DEFAULT NULL,
  PRIMARY KEY (`dining_id`)
) ENGINE=InnoDB DEFAULT CHARSET=utf8mb3;
/*!40101 SET character_set_client = @saved_cs_client */;

--
-- Dumping data for table `dining`
--

LOCK TABLES `dining` WRITE;
/*!40000 ALTER TABLE `dining` DISABLE KEYS */;
INSERT INTO `dining` VALUES (1,'RESTAURANTS','By George','OUG'),(2,'RESTAURANTS','Center Table','WLW'),(3,'RESTAURANTS','Husky Den Food Court','HUB'),(4,'RESTAURANTS','Local Point','LAH'),(5,'RESTAURANTS','Orin\'s Place','PCAR'),(6,'RESTAURANTS','Pagliacci Pizza, North Campus','WLW'),(7,'RESTAURANTS','Pagliacci Pizza, The HUB','HUB'),(8,'RESTAURANTS','The Rotunda','HIS'),(9,'CAFES & ESPRESSO BARS','Denny Cafe','OAK'),(10,'CAFES & ESPRESSO BARS','Evolutionary Grounds','LSB'),(11,'CAFES & ESPRESSO BARS','Husky Grind Cafe, District Market','ALD'),(12,'CAFES & ESPRESSO BARS','Husky Grind Cafe, Mercer Court','MRC'),(13,'CAFES & ESPRESSO BARS','Microsoft Cafe','CSE2'),(14,'CAFES & ESPRESSO BARS','Public Grounds','PAR'),(15,'CAFES & ESPRESSO BARS','Rotunda Espresso','HIS'),(16,'CAFES & ESPRESSO BARS','Starbucks Coffee, HUB','HUB'),(17,'CAFES & ESPRESSO BARS','Starbucks Coffee, Population Health','HRC'),(18,'CAFES & ESPRESSO BARS','Starbucks Coffee, Suzzallo','SUZ'),(19,'CAFES & ESPRESSO BARS','Tower Cafe','UWT'),(20,'MARKETS','District Market, Alder','ALD'),(21,'MARKETS','District Market, Oak','OAK'),(22,'MARKETS','Etc., HUB','HUB');
/*!40000 ALTER TABLE `dining` ENABLE KEYS */;
UNLOCK TABLES;

--
-- Table structure for table `dining_open_hr`
--

DROP TABLE IF EXISTS `dining_open_hr`;
/*!40101 SET @saved_cs_client     = @@character_set_client */;
/*!50503 SET character_set_client = utf8mb4 */;
CREATE TABLE `dining_open_hr` (
  `dining_id` int NOT NULL,
  `day` varchar(20) DEFAULT NULL,
  `open` time DEFAULT NULL,
  `close` time DEFAULT NULL,
  KEY `dining_id` (`dining_id`),
  CONSTRAINT `dining_open_hr_ibfk_1` FOREIGN KEY (`dining_id`) REFERENCES `dining` (`dining_id`)
) ENGINE=InnoDB DEFAULT CHARSET=utf8mb3;
/*!40101 SET character_set_client = @saved_cs_client */;

--
-- Dumping data for table `dining_open_hr`
--

LOCK TABLES `dining_open_hr` WRITE;
/*!40000 ALTER TABLE `dining_open_hr` DISABLE KEYS */;
INSERT INTO `dining_open_hr` VALUES (1,'Monday','07:30:00','19:00:00'),(1,'Tuesday','07:30:00','19:00:00'),(1,'Wednesday','07:30:00','19:00:00'),(1,'Thursday','07:30:00','19:00:00'),(1,'Friday','07:30:00','15:00:00'),(1,'Saturday','00:00:00','00:00:00'),(1,'Sunday','00:00:00','00:00:00'),(2,'Monday','07:30:00','23:00:00'),(2,'Tuesday','07:30:00','23:00:00'),(2,'Wednesday','07:30:00','23:00:00'),(2,'Thursday','07:30:00','23:00:00'),(2,'Friday','07:30:00','20:00:00'),(2,'Saturday','08:00:00','20:00:00'),(2,'Sunday','08:00:00','23:00:00'),(3,'Monday','10:30:00','14:30:00'),(3,'Tuesday','10:30:00','14:30:00'),(3,'Wednesday','10:30:00','14:30:00'),(3,'Thursday','10:30:00','14:30:00'),(3,'Friday','10:30:00','14:30:00'),(3,'Saturday','00:00:00','00:00:00'),(3,'Sunday','00:00:00','00:00:00'),(4,'Monday','07:30:00','22:00:00'),(4,'Tuesday','07:30:00','22:00:00'),(4,'Wednesday','07:30:00','22:00:00'),(4,'Thursday','07:30:00','22:00:00'),(4,'Friday','07:30:00','20:00:00'),(4,'Saturday','08:00:00','20:00:00'),(4,'Sunday','08:00:00','22:00:00'),(5,'Monday','07:00:00','18:00:00'),(5,'Tuesday','07:00:00','18:00:00'),(5,'Wednesday','07:00:00','18:00:00'),(5,'Thursday','07:00:00','18:00:00'),(5,'Friday','07:00:00','15:00:00'),(5,'Saturday','00:00:00','00:00:00'),(5,'Sunday','00:00:00','00:00:00'),(6,'Monday','16:00:00','20:00:00'),(6,'Tuesday','11:00:00','20:00:00'),(6,'Wednesday','11:00:00','20:00:00'),(6,'Thursday','11:00:00','20:00:00'),(6,'Friday','11:00:00','20:00:00'),(6,'Saturday','12:00:00','18:00:00'),(6,'Sunday','00:00:00','00:00:00'),(7,'Monday','10:30:00','14:30:00'),(7,'Tuesday','10:30:00','14:30:00'),(7,'Wednesday','10:30:00','14:30:00'),(7,'Thursday','10:30:00','14:30:00'),(7,'Friday','10:30:00','14:30:00'),(7,'Saturday','00:00:00','00:00:00'),(7,'Sunday','00:00:00','00:00:00'),(8,'Monday','07:30:00','15:00:00'),(8,'Tuesday','07:30:00','15:00:00'),(8,'Wednesday','07:30:00','15:00:00'),(8,'Thursday','07:30:00','15:00:00'),(8,'Friday','07:30:00','15:00:00'),(8,'Saturday','00:00:00','00:00:00'),(8,'Sunday','00:00:00','00:00:00'),(9,'Monday','08:00:00','19:00:00'),(9,'Tuesday','08:00:00','19:00:00'),(9,'Wednesday','08:00:00','19:00:00'),(9,'Thursday','08:00:00','19:00:00'),(9,'Friday','08:00:00','19:00:00'),(9,'Saturday','08:00:00','18:00:00'),(9,'Sunday','08:00:00','18:00:00'),(10,'Monday','07:30:00','17:00:00'),(10,'Tuesday','07:30:00','17:00:00'),(10,'Wednesday','07:30:00','17:00:00'),(10,'Thursday','07:30:00','17:00:00'),(10,'Friday','07:30:00','17:00:00'),(10,'Saturday','00:00:00','00:00:00'),(10,'Sunday','00:00:00','00:00:00'),(11,'Monday','07:00:00','22:00:00'),(11,'Tuesday','07:00:00','22:00:00'),(11,'Wednesday','07:00:00','22:00:00'),(11,'Thursday','07:00:00','22:00:00'),(11,'Friday','07:00:00','22:00:00'),(11,'Saturday','08:00:00','22:00:00'),(11,'Sunday','08:00:00','22:00:00'),(12,'Monday','07:00:00','15:00:00'),(12,'Tuesday','07:00:00','15:00:00'),(12,'Wednesday','07:00:00','15:00:00'),(12,'Thursday','07:00:00','15:00:00'),(12,'Friday','07:00:00','15:00:00'),(12,'Saturday','00:00:00','00:00:00'),(12,'Sunday','00:00:00','00:00:00'),(13,'Monday','07:30:00','17:00:00'),(13,'Tuesday','07:30:00','17:00:00'),(13,'Wednesday','07:30:00','17:00:00'),(13,'Thursday','07:30:00','17:00:00'),(13,'Friday','07:30:00','17:00:00'),(13,'Saturday','00:00:00','00:00:00'),(13,'Sunday','00:00:00','00:00:00'),(14,'Monday','08:00:00','15:00:00'),(14,'Tuesday','08:00:00','15:00:00'),(14,'Wednesday','08:00:00','15:00:00'),(14,'Thursday','08:00:00','15:00:00'),(14,'Friday','00:00:00','00:00:00'),(14,'Saturday','00:00:00','00:00:00'),(14,'Sunday','00:00:00','00:00:00'),(15,'Monday','07:30:00','16:00:00'),(15,'Tuesday','07:30:00','16:00:00'),(15,'Wednesday','07:30:00','16:00:00'),(15,'Thursday','07:30:00','16:00:00'),(15,'Friday','07:30:00','16:00:00'),(15,'Saturday','00:00:00','00:00:00'),(15,'Sunday','00:00:00','00:00:00'),(16,'Monday','08:30:00','15:00:00'),(16,'Tuesday','08:30:00','15:00:00'),(16,'Wednesday','08:30:00','15:00:00'),(16,'Thursday','08:30:00','15:00:00'),(16,'Friday','08:30:00','15:00:00'),(16,'Saturday','00:00:00','00:00:00'),(16,'Sunday','00:00:00','00:00:00'),(17,'Monday','08:00:00','16:00:00'),(17,'Tuesday','08:00:00','16:00:00'),(17,'Wednesday','08:00:00','16:00:00'),(17,'Thursday','08:00:00','16:00:00'),(17,'Friday','08:00:00','16:00:00'),(17,'Saturday','00:00:00','00:00:00'),(17,'Sunday','00:00:00','00:00:00'),(18,'Monday','09:00:00','17:30:00'),(18,'Tuesday','09:00:00','17:30:00'),(18,'Wednesday','09:00:00','17:30:00'),(18,'Thursday','09:00:00','17:30:00'),(18,'Friday','09:00:00','17:30:00'),(18,'Saturday','00:00:00','00:00:00'),(18,'Sunday','00:00:00','00:00:00'),(19,'Monday','07:30:00','16:30:00'),(19,'Tuesday','07:30:00','16:30:00'),(19,'Wednesday','07:30:00','16:30:00'),(19,'Thursday','07:30:00','16:30:00'),(19,'Friday','00:00:00','00:00:00'),(19,'Saturday','00:00:00','00:00:00'),(19,'Sunday','00:00:00','00:00:00'),(20,'Monday','07:00:00','22:00:00'),(20,'Tuesday','07:00:00','22:00:00'),(20,'Wednesday','07:00:00','22:00:00'),(20,'Thursday','07:00:00','22:00:00'),(20,'Friday','07:00:00','22:00:00'),(20,'Saturday','08:00:00','22:00:00'),(20,'Sunday','08:00:00','22:00:00'),(21,'Monday','08:00:00','22:00:00'),(21,'Tuesday','08:00:00','22:00:00'),(21,'Wednesday','08:00:00','22:00:00'),(21,'Thursday','08:00:00','22:00:00'),(21,'Friday','08:00:00','22:00:00'),(21,'Saturday','08:00:00','20:00:00'),(21,'Sunday','08:00:00','20:00:00'),(22,'Monday','07:00:00','21:00:00'),(22,'Tuesday','07:00:00','21:00:00'),(22,'Wednesday','07:00:00','21:00:00'),(22,'Thursday','07:00:00','21:00:00'),(22,'Friday','07:00:00','21:00:00'),(22,'Saturday','09:00:00','18:00:00'),(22,'Sunday','00:00:00','00:00:00');
/*!40000 ALTER TABLE `dining_open_hr` ENABLE KEYS */;
UNLOCK TABLES;
/*!40103 SET TIME_ZONE=@OLD_TIME_ZONE */;

/*!40101 SET SQL_MODE=@OLD_SQL_MODE */;
/*!40014 SET FOREIGN_KEY_CHECKS=@OLD_FOREIGN_KEY_CHECKS */;
/*!40014 SET UNIQUE_CHECKS=@OLD_UNIQUE_CHECKS */;
/*!40101 SET CHARACTER_SET_CLIENT=@OLD_CHARACTER_SET_CLIENT */;
/*!40101 SET CHARACTER_SET_RESULTS=@OLD_CHARACTER_SET_RESULTS */;
/*!40101 SET COLLATION_CONNECTION=@OLD_COLLATION_CONNECTION */;
/*!40111 SET SQL_NOTES=@OLD_SQL_NOTES */;

-- Dump completed on 2023-03-07  7:46:45
